name,Apo_Our_RMSD,Apo_Our_TM,Apo_Our_SS_Acc,Apo_Base_RMSD,Apo_Base_TM,Apo_Base_SS_Acc,Holo_Our_RMSD,Holo_Our_TM,Holo_Our_SS_Acc,Holo_Base_RMSD,Holo_Base_TM,Holo_Base_SS_Acc
1k0n.A.pdb,1.3276425633553384,,95.55555555555556,1.2782391397434514,,91.55555555555556,2.6761060789504514,,42.71844660194174,2.530746457507144,,43.203883495145625
1mnm.C.pdb,1.5360156038398987,,84.21052631578947,,,0.0,1.8396030252847138,,92.10526315789474,,,0.0
1nqj.B.pdb,1.2958152589091545,,88.49557522123894,1.6691863523049113,,86.72566371681415,0.8905802560706315,,82.88288288288288,1.1090765942067051,,84.68468468468468
1noc.A.pdb,5.904665801646182,,63.34231805929919,5.547199823693836,,67.38544474393531,5.521933599397485,,40.700808625336926,5.55474339276268,,43.39622641509434
1qs8.B.pdb,1.5742575540381825,,87.46177370030581,1.48673321682613,,85.93272171253822,2.715904326339216,,32.7217125382263,2.326175692684682,,34.25076452599388
1rep.C.pdb,1.2672196894231764,,93.42723004694837,2.8661645937016735,,79.34272300469483,4.375686193638233,,45.539906103286384,4.162947819593673,,44.13145539906103
1uxm.K.pdb,0.6733716479724128,,93.42105263157895,,,0.0,4.715708672254099,,36.18421052631579,,,0.0
1x0g.A.pdb,1.959320250981994,,82.17821782178217,2.249392390638093,,83.16831683168317,1.9561089691756948,,40.5940594059406,2.3247645780812354,,41.584158415841586
1xju.B.pdb,3.078762468480975,,81.81818181818183,2.6708896851261628,,86.36363636363636,2.585541012828342,,36.36363636363637,2.121755384910965,,33.76623376623377
1xnt.A.pdb,1.9169217093364723,,86.0,1.9441083980061145,,88.66666666666667,2.644517085508711,,68.66666666666667,2.5824724791746223,,72.66666666666667
2hdm.A.pdb,1.8757968858101877,,84.93150684931507,1.9907076827280488,,80.82191780821918,3.1556352567322037,,50.0,3.383003417982263,,56.06060606060605
2oug.C.pdb,2.8005006486724078,,81.42857142857143,2.747705007756934,,56.42857142857143,1.722129082183534,,70.71428571428572,2.9356456799380886,,58.57142857142858
3hdf.A.pdb,2.643521673350633,,81.81818181818183,2.717157534721199,,83.33333333333334,1.3612633425168519,,43.18181818181818,1.5035840810279053,,46.21212121212121
3ifa.A.pdb,1.6846121752910885,,90.76923076923077,1.8856839239412904,,90.46153846153845,1.0415378556066177,,36.17021276595745,1.1382601914276054,,35.815602836879435
3j7w.B.pdb,3.5407412354170176,,71.34502923976608,4.62913619532846,,74.26900584795322,3.857504436516221,,37.22397476340694,5.176163277107078,,52.99684542586751
3jv6.A.pdb,0.7832384352794616,,88.0,1.2743285749812412,,75.0,1.9006737972196708,,46.0,2.0745065006515913,,41.0
3kuy.A.pdb,1.1027809089203424,,95.78947368421052,1.4881569291834649,,86.31578947368422,1.6002968209727604,,37.5,1.5700863407500092,,50.0
3m1b.F.pdb,0.889721102256989,,87.75510204081633,1.006025937454572,,86.73469387755102,1.4748034319982082,,64.28571428571429,1.2821794596215994,,63.26530612244899
3o44.A.pdb,5.754510545402649,,50.689655172413794,6.236533680793935,,53.62068965517242,4.653692654893743,,42.58620689655173,7.233215141002853,,43.103448275862064
3qy2.A.pdb,2.027771217507506,,78.84615384615384,2.0605829639984776,,90.38461538461539,2.1327743770704415,,39.42307692307692,2.496006367561864,,53.84615384615385
3tp2.A.pdb,2.3966730729601418,,89.28571428571429,,,0.0,2.8220408040870346,,79.91071428571429,,,0.0
3uyi.A.pdb,1.8827054925096378,,84.56591639871382,2.012017176387553,,83.92282958199357,1.2129462139776168,,53.31010452961673,1.526165513979965,,53.31010452961673
3zwg.N.pdb,2.572066456827748,,77.96610169491525,0.7407398829853244,,94.35028248587571,2.4872383544489303,,62.5,0.9013366164292367,,65.3409090909091
4aan.A.pdb,1.6087163646754121,,81.67701863354037,1.838745160365303,,77.63975155279503,2.750879735966974,,69.375,2.9069460222748362,,70.9375
4gqc.C.pdb,0.7306205507199668,,95.625,0.8046126804021198,,98.75,1.4173290236539149,,76.25,1.4222735917494198,,74.375
4j3o.F.pdb,1.5493259608663297,,84.31372549019608,2.0850949622505657,,64.70588235294117,1.689936377656425,,69.28104575163398,2.240718759666539,,64.05228758169935
5hk5.H.pdb,1.8334642969877912,,73.72881355932203,,,0.0,2.4017442337245427,,55.85585585585585,,,0.0
4nc9.C.pdb,2.6022203936796138,,79.13043478260869,3.6084582374706593,,68.69565217391305,2.507742512109317,,48.40579710144928,3.4600446778390976,,42.028985507246375
4o0p.A.pdb,2.410118362102524,,86.98347107438018,3.6236919849811,,85.74380165289256,3.5093489624671714,,77.38589211618257,3.072078873493728,,75.31120331950207
4phq.A.pdb,4.361496238634675,,74.48275862068967,3.751092650361545,,71.72413793103448,4.080896163518845,,78.94736842105263,4.317752776064134,,67.71929824561404
4pyi.A.pdb,1.4448636885148285,,89.80582524271846,1.027226001806299,,89.80582524271846,1.3209113829595012,,72.81553398058253,1.2650600509460912,,73.7864077669903
4qhf.A.pdb,1.1063455485731573,,99.07407407407408,,,0.0,1.6100810830202705,,74.07407407407408,,,0.0
4rwn.A.pdb,2.227312093275475,,90.22988505747126,2.645420273536287,,85.0574712643678,2.8649093219418225,,86.70520231213872,2.675273931364234,,81.79190751445087
4uv2.D.pdb,3.279396419776859,,74.235807860262,4.024616674356328,,69.43231441048034,1.6527939164545014,,45.5026455026455,3.714276291255114,,39.15343915343915
4y0m.J.pdb,1.6418847786887083,,87.3170731707317,2.6905059669798477,,73.65853658536585,1.5335947395505194,,56.18556701030927,2.451060057934829,,52.0618556701031
4zrb.C.pdb,1.0461340790780156,,93.44262295081968,1.1986718788029345,,95.90163934426229,1.120285030101317,,59.83606557377048,1.0830192943989438,,57.377049180327866
5ly6.B.pdb,5.264564655045379,,50.0,4.221665380513857,,57.02127659574469,5.33827616567589,,39.361702127659576,4.605507616530792,,35.319148936170215
5c1v.A.pdb,1.0651542541276302,,96.51898734177216,0.9036482990550404,,97.46835443037975,1.5464469163268886,,71.06109324758843,1.284994832835096,,72.66881028938906
5flu.E.pdb,2.0726858538660458,,91.35802469135803,2.465236917563555,,85.18518518518519,3.2054082046943093,,49.35064935064935,3.4598853026809517,,50.649350649350644
5hmg.A.pdb,5.48445830453331,,55.35168195718656,5.3205691575480625,,52.29357798165138,5.5468118263516715,,52.515723270440255,5.378269825569428,,52.83018867924528
5i2m.A.pdb,6.115770940624575,,46.32352941176471,6.48949919566098,,43.872549019607845,6.996954703120215,,50.0,6.725825925370791,,50.49019607843137
5jzh.A.pdb,5.4421079986538325,,50.35460992907801,6.465986811932323,,54.60992907801418,6.048263755308011,,49.1725768321513,5.862042963624797,,52.00945626477541
5keq.F.pdb,6.8977903167317365,,57.6271186440678,7.408994712015259,,55.50847457627118,6.915631030296588,,47.25274725274725,7.385262254376038,,46.81318681318681
5l35.D.pdb,3.5584960605283644,,80.04750593824228,5.880688794124833,,57.24465558194775,4.054660309826607,,78.14726840855107,5.766925651745278,,58.19477434679335
3r9j.C.pdb,1.6603895558817774,,73.91304347826086,,,0.0,2.136297683544677,,28.985507246376812,,,0.0
1cee.B.pdb,3.199590509686928,,75.86206896551724,3.2170363039894236,,75.86206896551724,2.6509979921975884,,68.96551724137932,2.6534861920261217,,55.172413793103445
2h44.A.pdb,1.5486382496574367,,89.84615384615384,1.2464406968186803,,90.46153846153845,1.893654864077364,,88.7459807073955,1.6553617754291736,,89.38906752411575
2grm.B.pdb,3.8085485892366635,,87.26114649681529,3.666267049697459,,89.49044585987261,3.6644304159911076,,65.66666666666666,3.39918525456503,,61.0
2c1v.B.pdb,1.6788762661490206,,93.7125748502994,2.2294596084070664,,89.82035928143712,2.8373780884989883,,52.88753799392098,2.9657127142189026,,51.975683890577514
3kds.G.pdb,3.9147626002909712,,93.64705882352942,2.894192188751222,,85.1764705882353,2.884002412557237,,57.00712589073633,2.196804159601027,,55.819477434679335
2ged.B.pdb,1.9882710432804898,,83.33333333333334,2.5814239648332387,,75.92592592592592,1.8185587156171281,,27.160493827160497,2.1149361909967213,,32.71604938271605
2lel.A.pdb,2.747609670174703,,60.27397260273973,3.0774740430958363,,68.4931506849315,1.879933023035788,,75.34246575342466,2.254803481350797,,69.86301369863014
2lv1.A.pdb,3.7697308762143837,,80.82191780821918,2.826525829621649,,77.3972602739726,3.5969516644331256,,98.33333333333333,3.2254086479487127,,90.0
2kkw.A.pdb,4.705173763093829,,42.44604316546763,3.5609263081298126,,75.53956834532374,3.7954785671100857,,94.96402877697841,4.201195635810017,,56.11510791366906
1iyt.A.pdb,3.195894256120806,,26.82926829268293,1.7235065304498312,,17.073170731707318,2.386328290034292,,100.0,3.393931491178078,,80.48780487804879
2mwf.A.pdb,1.7096400742492637,,87.09677419354838,1.8896438173756378,,90.32258064516128,2.915831049202529,,61.29032258064516,2.409765108786706,,58.06451612903227
1jfk.A.pdb,3.0515454450372426,,84.21052631578947,3.8115923809936274,,73.68421052631578,1.3958178927974347,,87.5,1.9708771738057134,,73.4375
2p3v.D.pdb,1.2994989530995567,,92.09486166007905,1.8715774006657708,,88.14229249011858,1.033253102241389,,94.86166007905138,1.9279359604310542,,85.7707509881423
5jyt.A.pdb,2.60292238380646,,79.04761904761905,2.292840510424985,,74.28571428571429,2.834878200207419,,50.0,3.0223365738436585,,59.61538461538462
3g0h.A.pdb,2.6779696226098912,,92.62899262899262,3.0803967619560195,,89.92628992628993,4.049385632144947,,60.24691358024692,3.0962065485329875,,61.97530864197531
2vfx.L.pdb,1.4682018773563803,,96.03960396039604,1.5820929107813164,,94.05940594059405,2.386294947916452,,32.0855614973262,2.3424430767401185,,33.68983957219251
3j9c.A.pdb,6.4234406360710175,,41.943127962085306,6.3094552924359615,,50.947867298578196,6.609672036470829,,46.91943127962085,5.432703816062935,,46.91943127962085
3njq.A.pdb,1.884547428788179,,84.57446808510637,,,0.0,2.389049084982298,,61.702127659574465,,,0.0
3t1p.A.pdb,2.4157750292260376,,86.48648648648648,2.244719059901275,,82.43243243243244,2.2516838969239594,,38.91891891891892,2.274404858865312,,42.7027027027027
4ow6.B.pdb,6.400004978468322,,53.38809034907598,6.734570327952333,,53.59342915811088,6.190704140953522,,41.68377823408625,7.002999207672712,,42.71047227926078
4b3o.B.pdb,4.914416270985119,,80.92909535452323,4.636485700106707,,71.88264058679707,4.046452433884883,,42.053789731051346,3.5897410437087838,,45.2322738386308
4dxt.A.pdb,1.9601890138618507,,90.35532994923858,2.308347321751923,,86.29441624365482,1.9259718376033512,,63.77551020408164,2.5264699105758277,,60.71428571428571
4g0d.Z.pdb,1.2354014881316344,,100.0,1.4265540276201556,,86.36363636363636,1.8876929232124433,,54.54545454545454,1.8892129382844114,,40.909090909090914
2lep.A.pdb,1.7141671489007015,,91.93548387096774,1.7553206442646339,,98.38709677419355,1.5103482163961446,,53.225806451612904,1.6221193448186515,,46.774193548387096
4rmb.B.pdb,3.2352914281336322,,68.18181818181817,4.060773243195952,,68.18181818181817,3.42893985482651,,44.680851063829785,3.902391464414099,,51.77304964539006
4ydq.B.pdb,1.755398313703104,,93.50104821802935,1.480501910226153,,94.12997903563941,2.5234458942887232,,42.55765199161425,2.2828198762234484,,43.60587002096436
5bmy.A.pdb,1.9024072755895383,,92.2279792746114,0.9776409491483805,,94.30051813471503,1.9527031788879214,,32.38341968911917,1.94254494361006,,32.90155440414508
5ec5.P.pdb,3.2405015185884984,,57.63888888888889,2.6038253559364932,,59.722222222222214,3.448763573322622,,46.18055555555556,2.6669446287758647,,44.09722222222222
5f5r.B.pdb,1.7853894621734452,,81.44796380090497,2.323954704792286,,87.78280542986425,2.4659318570220212,,39.51219512195122,2.471916547311967,,32.19512195121951
5fhc.J.pdb,2.4376923021420804,,88.65979381443299,,,0.0,1.9270844804773706,,42.2680412371134,,,0.0
7ahl.E.pdb,3.798249864100292,,69.17808219178082,3.7980726794331208,,71.91780821917808,3.685780311468739,,49.8220640569395,3.7820328519118886,,52.313167259786475
6z4u.A.pdb,4.131498827587962,,21.686746987951807,3.3224145540796033,,37.34939759036144,1.5588379377270332,,44.73684210526316,2.3084966114962264,,57.894736842105274
